ENTC_ID,Target_Cell_LIne_Name,Target_Type,Cell_Line_Type,Cell_Line_Classification,Synonyms,Target_Organism_ID,Target_Organism_Name,Cellosaurus_ID,ChEMBL_Cell_ID,ChEMBL_Targte_ID,Cell_Line_Ontology,Experimental_Factor_Ontology,LINCS_Project
ENTC00001,143B,CELL LINE,Cancer cell line,Bone Cancer,143b; 143 B; 143B TK-; 143B.TK-; 143BTK-; 143TK-; HOS-143B; HOS-143b; GM05887; GM05887A,ENTO00430,Homo sapiens,CVCL_2270,CHEMBL3307382,CHEMBL614508,CLO_0024221,EFO_0006355,LCL-1417
ENTC00002,22Rv1,CELL LINE,Cancer cell line,Prostate Cancer,22RV1; 22Rv-1; 22rV1; CWR-22rv1; CWR22-Rv1; CWR22R-V1; CWR22-R1; CWR22Rv1; CWR22R,ENTO00430,Homo sapiens,CVCL_1045,CHEMBL3308004,CHEMBL612657,CLO_0001200,EFO_0002095,LCL-1145
ENTC00003,3T3-L1,CELL LINE,Spontaneously immortalized cell line,Fibroblast,3T3 L1; 3T3L1; 3T3-L1 ad; NIH-3T3-L1; NIH3T3-L1,ENTO00517,Mus musculus,CVCL_0123,CHEMBL3307630,CHEMBL614510,CLO_0001352,EFO_0001223,NA
ENTC00004,4T1,CELL LINE,Cancer cell line,Breast Cancer,4T1-A; 4T1.0; 4T1/WT,ENTO00517,Mus musculus,CVCL_0125,CHEMBL3307995,CHEMBL612589,CLO_0001401,EFO_0002037,NA
ENTC00005,5-8F,CELL LINE,Hybrid cell line,Others,58F,ENTO00430,Homo sapiens,CVCL_C528,NA,NA,NA,NA,NA
ENTC00006,786-O,CELL LINE,Cancer cell line,Renal Cancer,786-o; 786O; 786-0; 786.O; 786-O RCC; RCC 786-O; RCC_7860; RCC 7860; 7860; 786-0WT,ENTO00430,Homo sapiens,CVCL_1051,CHEMBL3308018,CHEMBL613102,CLO_0001486,EFO_0005707,LCL-1773
ENTC00007,A2058,CELL LINE,Cancer cell line,Melanoma,A 2058; A-2058,ENTO00430,Homo sapiens,CVCL_1059,CHEMBL3308030,CHEMBL613503,CLO_0001566,EFO_0006361,LCL-1237
ENTC00008,A2780,CELL LINE,Cancer cell line,Ovarian Cancer,A-2780; 2780; A2780S,ENTO00430,Homo sapiens,CVCL_0134,CHEMBL3308421,CHEMBL614004,CLO_0001571,EFO_0006362,LCL-1518
ENTC00009,A2780-cisR,CELL LINE,Cancer cell line,Ovarian Cancer,A2780-CISR; A2780/cisR; A2780cisR; A2780(cisR),ENTO00430,Homo sapiens,CVCL_H745,CHEMBL3307508,CHEMBL614023,NA,NA,NA
ENTC00010,A2780/S,CELL LINE,Cancer cell line,Ovarian Cancer,A 2780 S,ENTO00430,Homo sapiens,CVCL_4863,CHEMBL4295440,CHEMBL4296398,NA,NA,NA
ENTC00011,A-375,CELL LINE,Cancer cell line,Melanoma,A 375; A375; A375-MEL; A375-mel; A375mel,ENTO00430,Homo sapiens,CVCL_0132,CHEMBL3308077,CHEMBL613859,CLO_0001582,EFO_0002103,LCL-1235
ENTC00012,A-431,CELL LINE,Cancer cell line,Vulvar Cancer,A431; A431/P,ENTO00430,Homo sapiens,CVCL_0037,CHEMBL3307523,CHEMBL614069,CLO_0050012,EFO_0006268,LCL-1404
ENTC00013,A4/Fukuda,CELL LINE,Cancer cell line,Leukemia,A4/Fuk; A4/FUK; A4-Fuk; A4-FUK; A4:FUK; A4FUK; A4Fuk,ENTO00430,Homo sapiens,CVCL_1064,CHEMBL3308226,CHEMBL2366356,NA,EFO_0006533,LCL-1268
ENTC00014,A-673,CELL LINE,Cancer cell line,Bone Cancer,A673; RMS 1598; RMS1598,ENTO00430,Homo sapiens,CVCL_0080,CHEMBL3307384,CHEMBL614517,CLO_0001606,EFO_0002106,LCL-1410
ENTC00015,ACHN,CELL LINE,Cancer cell line,Renal Cancer,NA,ENTO00430,Homo sapiens,CVCL_1067,CHEMBL3307633,CHEMBL614519,CLO_0001654,EFO_0002108,LCL-1756
ENTC00016,ACP01,CELL LINE,Cancer cell line,Gastric Cancer,NA,ENTO00430,Homo sapiens,CVCL_9490,NA,NA,NA,NA,NA
ENTC00017,AD-293,CELL LINE,Transformed cell line,Kidney,Ad-293; AD293; Adeno-293; Adeno 293; HEK-AD293; HEK (AD293); HEK AD293; HEK-AD 293; AdHek,ENTO00430,Homo sapiens,CVCL_9804,CHEMBL4630767,CHEMBL4630775,NA,NA,NA
ENTC00018,AGS,CELL LINE,Cancer cell line,Gastric Cancer,NA,ENTO00430,Homo sapiens,CVCL_0139,CHEMBL3308078,CHEMBL613860,CLO_0001686,EFO_0002109,LCL-1893
ENTC00019,AsPC-1,CELL LINE,Cancer cell line,Pancreatic Cancer,AsPc-1; Aspc-1; ASPC-1; As-PC1; ASPC1; AsPC1; Aspc1; AsPc1,ENTO00430,Homo sapiens,CVCL_0152,CHEMBL3307994,CHEMBL612588,CLO_0001756,EFO_0002112,LCL-1730
ENTC00020,B16,CELL LINE,Cancer cell line,Melanoma,B-16; B16 melanoma; B16 subline B78; B78,ENTO00517,Mus musculus,CVCL_F936,CHEMBL3308454,CHEMBL381,CLO_0050752,NA,NA
ENTC00021,B16-F10,CELL LINE,Cancer cell line,Melanoma,B16/F10; B16 F10; B16F10; B16 melanoma F10,ENTO00517,Mus musculus,CVCL_0159,CHEMBL3307762,CHEMBL612656,CLO_0050763,NA,NA
ENTC00022,BALB/3T3 clone A31,CELL LINE,Spontaneously immortalized cell line,Fibroblast,BALB/c 3T3 clone A31; Balb/c3T3; BALB/c 3T3; Balb/c 3T3; BALB/3T3; Balb/3T3-4-Cl31; 3T3 clone A31; BALB/3T3 cl. A31; BALB 3T3 clone A31; BALB/3T3 (clone A31); B/C3T3; 3T3-A31; 3T3(A31); A31; A31N,ENTO00517,Mus musculus,CVCL_0184,CHEMBL3308086,CHEMBL613876,CLO_0050542,NA,NA
ENTC00023,BC,CELL LINE,Cancer cell line,Breast Cancer,NA,NA,NA,NA,CHEMBL3307814,CHEMBL613535,NA,NA,NA
ENTC00024,Mouse B-cell,CELL LINE,Others,Lymphoma,NA,ENTO00517,Mus musculus,NA,CHEMBL3308632,NA,NA,NA,NA
ENTC00025,BEAS-2B,CELL LINE,Transformed cell line,Bronchus,Beas-2B; BEAS 2B; BEAS2B; Beas2B; Bronchial Epithelium transformed with Ad12-SV40 2B,ENTO00430,Homo sapiens,CVCL_0168,CHEMBL4295386,CHEMBL4296403,CLO_0001925,EFO_0001089,NA
ENTC00026,BEL-7402,CELL LINE,Cancer cell line,Cervical Cancer,Bel-7402; BEL 7402; Bel 7402; BEL7402; Bel7402,ENTO00430,Homo sapiens,CVCL_5492,CHEMBL3307770,CHEMBL614279,NA,NA,NA
ENTC00027,BEL-7404,CELL LINE,Cancer cell line,Cervical Cancer,Bel-7404; BEL 7404; Bel 7404; BEL7404; Bel7404; 7404,ENTO00430,Homo sapiens,CVCL_6568,CHEMBL3307908,CHEMBL614280,NA,NA,NA
ENTC00028,BGC-823,CELL LINE,Cancer cell line,Cervical Cancer,BGC823,ENTO00430,Homo sapiens,CVCL_3360,CHEMBL3307635,CHEMBL614526,CLO_0001952,NA,NA
ENTC00029,BRL-3A,CELL LINE,Spontaneously immortalized cell line,Liver,BRL3A; BRL 3A; Buffalo Rat Liver-3A,ENTO00678,Rattus norvegicus,CVCL_0606,NA,NA,CLO_0002031,NA,NA
ENTC00030,BT-20,CELL LINE,Cancer cell line,Breast Cancer,BT 20; BT20,ENTO00430,Homo sapiens,CVCL_0178,CHEMBL3307766,CHEMBL613870,CLO_0002041,EFO_0001092,LCL-1476
ENTC00031,BT-474,CELL LINE,Cancer cell line,Breast Cancer,Bt-474; BT474,ENTO00430,Homo sapiens,CVCL_0179,CHEMBL3307636,CHEMBL614529,CLO_0002042,EFO_0001093,LCL-1308
ENTC00032,BT-549,CELL LINE,Cancer cell line,Breast Cancer,BT 549; BT.549; BT549,ENTO00430,Homo sapiens,CVCL_1092,CHEMBL3308490,CHEMBL614072,CLO_0002044,EFO_0001096,LCL-1310
ENTC00033,BV-2,CELL LINE,Transformed cell line,Brain,BV2,ENTO00517,Mus musculus,CVCL_0182,CHEMBL3307704,CHEMBL614781,NA,NA,NA
ENTC00034,BXF 1218L,CELL LINE,Cancer cell line,Bladder Cancer,NA,ENTO00430,Homo sapiens,NA,NA,NA,NA,NA,NA
ENTC00035,BXF 1352L,CELL LINE,Cancer cell line,Bladder Cancer,NA,ENTO00430,Homo sapiens,NA,NA,NA,NA,NA,NA
ENTC00036,BXF T 24,CELL LINE,Cancer cell line,Bladder Cancer,NA,ENTO00430,Homo sapiens,NA,NA,NA,NA,NA,NA
ENTC00037,BxPC-3,CELL LINE,Cancer cell line,Pancreatic Cancer,BxPc-3; BXPC-3; Bx-PC3; BXPC3; BxPC3; BxPc3; Biopsy xenograft of Pancreatic Carcinoma line-3,ENTO00430,Homo sapiens,CVCL_0186,CHEMBL3307637,CHEMBL614530,CLO_0002065,EFO_0002709,LCL-1731
ENTC00038,C24B,CELL LINE,Cancer cell line,Prostate Cancer,NA,ENTO00430,Homo sapiens,NA,NA,NA,NA,NA,NA
ENTC00039,C8166,CELL LINE,Transformed cell line,Blood,C8166-CD4,ENTO00430,Homo sapiens,CVCL_1099,CHEMBL3307638,CHEMBL614533,CLO_0002149,NA,LCL-1011
ENTC00040,Caco-2,CELL LINE,Cancer cell line,Colon Cancer,CaCo-2; CACO-2; Caco 2; CACO 2; CACO2; CaCo2; CaCO2; Caco2; Caco-2/ATCC; Caco-II,ENTO00430,Homo sapiens,CVCL_0025,CHEMBL3307519,CHEMBL614058,CLO_0050627,EFO_0001099,LCL-1170
ENTC00041,CAL-27 cisplatin-resistant,CELL LINE,Cancer cell line,Tongue Cancer,NA,ENTO00430,Homo sapiens,NA,NA,NA,NA,NA,NA
ENTC00042,CAL-27 sensitive to cisplatin,CELL LINE,Cancer cell line,Tongue Cancer,NA,ENTO00430,Homo sapiens,NA,NA,NA,NA,NA,NA
ENTC00043,Capan-2,CELL LINE,Cancer cell line,Pancreatic Cancer,CaPan-2; CAPAN-2; Capan 2; CAPAN 2; Capan2; CAPAN2,ENTO00430,Homo sapiens,CVCL_0026,CHEMBL3308720,CHEMBL1075417,CLO_0002198,EFO_0002154,LCL-1733
ENTC00044,Ca Ski,CELL LINE,Cancer cell line,Cervical Cancer,Ca-Ski; CaSki; Caski; CASKI,ENTO00430,Homo sapiens,CVCL_1100,CHEMBL3308097,CHEMBL1075403,CLO_0050930,EFO_0006549,LCL-1541
ENTC00045,NCTC clone 929,CELL LINE,Spontaneously immortalized cell line,Fibroblast,NCTC 929; NCTC-929; NCTC929; NCTC-929L; L cell; L cells; L-cell; L-cells; L cell line; L; Strain L-929; L-929; L 929; L929; L929(NCTC); Clone 929; Earles's cells; Earle's L cells,ENTO00517,Mus musculus,CVCL_0462,CHEMBL3307946,CHEMBL612267,CLO_0050235,NA,NA
ENTC00046,ChaGo,CELL LINE,Cancer cell line,Lung Cancer,NA,ENTO00430,Homo sapiens,CVCL_DG43,NA,NA,NA,NA,NA
ENTC00047,Chang Liver,CELL LINE,Cancer cell line,Liver Cancer,Chang liver; Chang Liver (HeLa derivative); Chang Cells; Chang; CHL,ENTO00430,Homo sapiens,CVCL_0238,NA,NA,CLO_0002415,NA,NA
ENTC00048,CHO,CELL LINE,Spontaneously immortalized cell line,Ovary,Chinese Hamster Ovary; CHO-ori,ENTO00257,Cricetulus griseus,CVCL_0213,CHEMBL3308072,CHEMBL613853,CLO_0002421,NA,NA
ENTC00049,CHO-K1,CELL LINE,Spontaneously immortalized cell line,Ovary,CHO K1; CHOK1; CHO cell clone K1; GM15452,ENTO00257,Cricetulus griseus,CVCL_0214,CHEMBL3307512,CHEMBL614031,CLO_0050423,NA,NA
ENTC00050,CHP-100,CELL LINE,Cancer cell line,Bone Cancer,CHP 100; CHP100; Children's Hospital of Philadelphia-100; NB-100,ENTO00430,Homo sapiens,CVCL_7166,NA,NA,CLO_0007944,NA,NA
ENTC00051,CLS-54,CELL LINE,Cancer cell line,Lung Cancer,NA,ENTO00430,Homo sapiens,CVCL_5728,NA,NA,NA,NA,NA
ENTC00052,CNE-2,CELL LINE,Hybrid cell line,Others,CNE2,ENTO00430,Homo sapiens,CVCL_6889,CHEMBL4295476,CHEMBL4296409,NA,NA,NA
ENTC00053,COLO 201,CELL LINE,Cancer cell line,Colon Cancer,Colo 201; Colo-201; COLO-201; COLO201; Colo201; Colorado 201,ENTO00430,Homo sapiens,CVCL_1987,CHEMBL4523536,CHEMBL4523567,CLO_0002543,EFO_0002135,LCL-1172
ENTC00054,CT26,CELL LINE,Cancer cell line,Colon Cancer,CT-26; CT 26; Colon Tumor 26,ENTO00517,Mus musculus,CVCL_7254,CHEMBL3308079,CHEMBL613866,NA,NA,NA
ENTC00055,CXF 269L,CELL LINE,Cancer cell line,Colon Cancer,NA,ENTO00430,Homo sapiens,NA,NA,NA,NA,NA,NA
ENTC00056,CXF HCT 116,CELL LINE,Cancer cell line,Colon Cancer,NA,ENTO00430,Homo sapiens,NA,NA,NA,NA,NA,NA
ENTC00057,CXF HT 29,CELL LINE,Cancer cell line,Colon Cancer,NA,ENTO00430,Homo sapiens,NA,NA,NA,NA,NA,NA
ENTC00058,CXF RKO,CELL LINE,Cancer cell line,Colon Cancer,NA,ENTO00430,Homo sapiens,NA,NA,NA,NA,NA,NA
ENTC00059,Daoy,CELL LINE,Cancer cell line,Brain Cancer,DAOY; D324 Med; D-324 Med; D324 MED; D-324MED; D324,ENTO00430,Homo sapiens,CVCL_1167,CHEMBL3308510,CHEMBL612519,CLO_0002699,EFO_0005698,LCL-1576
ENTC00060,DG-75,CELL LINE,Cancer cell line,Lymphoma,D.G.-75; DG 75; DG75,ENTO00430,Homo sapiens,CVCL_0244,CHEMBL3308527,CHEMBL2366199,CLO_0002767,EFO_0002160,LCL-2019
ENTC00061,DU145,CELL LINE,Cancer cell line,Prostate Cancer,DU-145; Du-145; DU 145; DU_145; DU.145; Duke University 145,ENTO00430,Homo sapiens,CVCL_0105,CHEMBL3308034,CHEMBL613508,CLO_0051536,EFO_0005441,LCL-1146
ENTC00062,EA.hy 926,CELL LINE,Hybrid cell line,Others,EA. hy 926; EA hy 926; EA-hy926; EAhy 926; EAHY-926; EA.Hy926; EA.hy926; EAhy926; EaHy926; Eahy926,ENTO00430,Homo sapiens,CVCL_3901,CHEMBL4295452,CHEMBL4296410,NA,EFO_0003039,NA
ENTC00063,Eca-109,CELL LINE,Cancer cell line,Esophageal Cancer,Eca109; Eca 109; EC-109; EC109,ENTO00430,Homo sapiens,CVCL_6898,CHEMBL3308477,CHEMBL614668,NA,NA,NA
ENTC00064,Rabbit Erythrocyte,CELL LINE,Others,Blood,NA,ENTO00552,Oryctolagus cuniculus,NA,CHEMBL4295344,NA,NA,NA,NA
ENTC00065,Human Erythrocyte,CELL LINE,Others,Blood,NA,ENTO00430,Homo sapiens,NA,CHEMBL4295348,NA,NA,NA,NA
ENTC00066,Farage,CELL LINE,Cancer cell line,Lymphoma,FARAGE; Farage OL; Farage Original Line,ENTO00430,Homo sapiens,CVCL_3302,CHEMBL4483171,CHEMBL4483236,CLO_0002997,EFO_0006393,LCL-1131
ENTC00067,fR2,CELL LINE,Transformed cell line,Breast,NA,ENTO00430,Homo sapiens,CVCL_2444,NA,NA,CLO_0003385,NA,NA
ENTC00068,GH3,CELL LINE,Cancer cell line,Pituitary Cancer,GH 3,ENTO00678,Rattus norvegicus,CVCL_0273,CHEMBL3307652,CHEMBL614571,CLO_0003487,NA,NA
ENTC00069,GM07492,CELL LINE,Finite cell line,Fibroblast,C7492,ENTO00430,Homo sapiens,CVCL_7467,NA,NA,CLO_0016480,NA,NA
ENTC00070,GXF 251 L,CELL LINE,Cancer cell line,Gastric Cancer,NA,ENTO00430,Homo sapiens,NA,NA,NA,NA,NA,NA
ENTC00071,H116,CELL LINE,Cancer cell line,Colon Cancer,NA,ENTO00430,Homo sapiens,NA,NA,NA,NA,NA,NA
ENTC00072,H22,CELL LINE,Cancer cell line,Liver Cancer,Hepatoma-22; Hepatoma 22,ENTO00517,Mus musculus,CVCL_H613,CHEMBL3307751,CHEMBL614998,NA,NA,NA
ENTC00073,H4-II-E,CELL LINE,Cancer cell line,Liver Cancer,H-4-II-E; H4IIE,ENTO00678,Rattus norvegicus,CVCL_0284,NA,NA,CLO_0003603,NA,NA
ENTC00074,H9c2(2-1),CELL LINE,Spontaneously immortalized cell line,Cardiomyoblast,H9c2 (2-1); H9c2; H9C2,ENTO00678,Rattus norvegicus,CVCL_0286,CHEMBL3307653,CHEMBL614576,CLO_0003614,NA,NA
ENTC00075,HaCaT,CELL LINE,Spontaneously immortalized cell line,Skin,HaCAT; HACAT; Hacat,ENTO00430,Homo sapiens,CVCL_0038,CHEMBL3308509,CHEMBL614392,NA,EFO_0002056,NA
ENTC00076,HBE1,CELL LINE,Transformed cell line,Bronchus,HBE-1; Human Bronchial Epithelial cell Line 1,ENTO00430,Homo sapiens,CVCL_0287,NA,NA,NA,NA,NA
ENTC00077,HCC1954,CELL LINE,Cancer cell line,Breast Cancer,HCC-1954; Hamon Cancer Center 1954,ENTO00430,Homo sapiens,CVCL_1259,CHEMBL3308107,CHEMBL1075459,CLO_0003647,EFO_0001175,LCL-1332
ENTC00078,HCCC-9810,CELL LINE,Cancer cell line,Liver Cancer,HCCC9810; Hccc9810,ENTO00430,Homo sapiens,CVCL_6908,NA,NA,NA,NA,NA
ENTC00079,HCC-S102,CELL LINE,Cancer cell line,Liver Cancer,HCC S102; S102,ENTO00430,Homo sapiens,CVCL_M359,NA,NA,NA,NA,NA
ENTC00080,HCT,CELL LINE,Cancer cell line,Colon Cancer,NA,ENTO00430,Homo sapiens,NA,CHEMBL3308607,CHEMBL614661 ,NA,NA,NA
ENTC00081,HCT 116,CELL LINE,Cancer cell line,Colon Cancer,HCT-116; HCT.116; HCT_116; HCT116; HCT116wt; CoCL2,ENTO00430,Homo sapiens,CVCL_0291,CHEMBL3308372,CHEMBL394,CLO_0003665,EFO_0002824,LCL-1161
ENTC00082,HCT 15,CELL LINE,Cancer cell line,Colon Cancer,HCT-15; HCT.15; HCT15,ENTO00430,Homo sapiens,CVCL_0292,CHEMBL3307945,CHEMBL612263,CLO_0003666,EFO_0002188,LCL-1178
ENTC00083,HCT-29,CELL LINE,Cancer cell line,Colon Cancer,NA,ENTO00430,Homo sapiens,NA,CHEMBL3308661,CHEMBL614816,NA,NA,NA
ENTC00084,HCT 8,CELL LINE,Cancer cell line,Colon Cancer,HCT-8; HCT8,ENTO00430,Homo sapiens,CVCL_2478,CHEMBL3308035,CHEMBL613510,CLO_0003667,EFO_0002189,LCL-1198
ENTC00085,HEK293,CELL LINE,Transformed cell line,Kidney,Hek293; HEK-293; HEK/293; HEK 293; HEK;293; 293; 293 HEK; 293 Ad5; Graham 293; Graham-293; Human Embryonic Kidney 293,ENTO00430,Homo sapiens,CVCL_0045,CHEMBL3307715,CHEMBL614818,CLO_0050903,EFO_0001182,NA
ENTC00086,HEK293-F,CELL LINE,Transformed cell line,Kidney,HEK-293-F; HEK 293-F; HEK-293F; HEK293F; 293-F; 293 F; 293F,ENTO00430,Homo sapiens,CVCL_6642,NA,NA,NA,NA,NA
ENTC00087,HEK293-FT,CELL LINE,Transformed cell line,Kidney,HEK-293FT; HEK 293FT; HEK-293-FT; HEK293FT; 293-FT; 293FT; FT-293,ENTO00430,Homo sapiens,CVCL_6911,NA,NA,NA,NA,NA
ENTC00088,HEK293T,CELL LINE,Transformed cell line,Kidney,Hek293T; HEK-293T; HEK 293T; HEK-293-T; HEK 293 T; 293-T; 293 T; 293T; Human Embryonic Kidney 293T; 293tsA1609neo,ENTO00430,Homo sapiens,CVCL_0063,CHEMBL3706569,CHEMBL3706568,CLO_0050894,EFO_0001184,NA
ENTC00089,HEK-Blue hTLR4,CELL LINE,Transformed cell line,Kidney,HEK-BLUE-hTLR4; HEK293-Blue-hTLR4 CD14-MD2,ENTO00430,Homo sapiens,CVCL_IM82,NA,NA,NA,NA,NA
ENTC00090,HeLa,CELL LINE,Cancer cell line,Cervical Cancer,HELA; Hela; He La; He-La; HeLa-CCL2; Henrietta Lacks cells; Helacyton gartleri,ENTO00430,Homo sapiens,CVCL_0030,CHEMBL3308376,CHEMBL399,CLO_0050910,EFO_0001185,LCL-1512
ENTC00091,HeLa S3,CELL LINE,Cancer cell line,Cervical Cancer,"HeLa s3; HeLa-S3; HELA-S3; HeLa/S3; HeLa.S3; HeLa S 3; HeLa S-3; HeLaS3; HeLa, S3 clone; S3-HeLa; S3 HeLa",ENTO00430,Homo sapiens,CVCL_0058,CHEMBL3886002,CHEMBL4296436,CLO_0050936,EFO_0002791,NA
ENTC00092,Hep 3B2.1-7,CELL LINE,Cancer cell line,Liver Cancer,Hep 3B2_1-7; HEP3B217; Hep 3B2; HEP-3B2; HEP3B2; Hep-3B; HEP-3B; Hep 3B; Hep3B; HEP3B,ENTO00430,Homo sapiens,CVCL_0326,CHEMBL4106361,CHEMBL4296437,CLO_0003710,EFO_0002205,LCL-1924
ENTC00093,HEp-2,CELL LINE,Cancer cell line,Cervical Cancer,Hep-2; HEP-2; Hep2 (HeLa derivative); HEp-2/HeLa; Hep 2; Hep2; HEp2; HEP2; H.Ep.-2; H.Ep. #2; H.Ep. No. 2; Hep II; Human Epidermoid carcinoma #2; Human Epithelioma-2,ENTO00430,Homo sapiens,CVCL_1906,CHEMBL3307694,CHEMBL614735,CLO_0050927,EFO_0006438,NA
ENTC00094,Hep-G2,CELL LINE,Cancer cell line,Liver Cancer,HEP-G2; Hep G2; HEP G2; HepG2; HEPG2,ENTO00430,Homo sapiens,CVCL_0027,CHEMBL3307718,CHEMBL395,CLO_0050858,EFO_0001187,LCL-1925
ENTC00095,Hep-G2/2.2.15,CELL LINE,Cancer cell line,Liver Cancer,HEP-G2/2.2.15; Hep-G2/2215; HepG2/2215; HepG2-2.2.15; HepG2 2.2.15; HepG2.2.15; HepG2(2.2.15); 2.2.15,ENTO00430,Homo sapiens,CVCL_L855,CHEMBL3833241,CHEMBL4296438,CLO_0001176,NA,NA
ENTC00096,HGC-27,CELL LINE,Cancer cell line,Gastric Cancer,HGC 27; HGC27,ENTO00430,Homo sapiens,CVCL_1279,CHEMBL3308741,CHEMBL1075463,CLO_0050799,EFO_0006581,LCL-1882
ENTC00097,HL 251,CELL LINE,Cancer cell line,Lung Cancer,NA,ENTO00430,Homo sapiens,NA,NA,NA,NA,NA,NA
ENTC00098,HL-60,CELL LINE,Cancer cell line,Leukemia,HL 60; HL.60 HL60; Human Leukemia-60,ENTO00430,Homo sapiens,CVCL_0002,CHEMBL3307654,CHEMBL383,CLO_0050972,EFO_0002793,LCL-1054
ENTC00099,HLK 210,CELL LINE,Cancer cell line,Leukemia,NA,ENTO00430,Homo sapiens,NA,NA,NA,NA,NA,NA
ENTC00100,HMEC,CELL LINE,Transformed cell line,Endometrial,NA,ENTO00430,Homo sapiens,NA,CHEMBL3307693,CHEMBL614734,NA,NA,NA
ENTC00101,HNXF CAL 27,CELL LINE,Cancer cell line,Head And Neck Cancer,NA,ENTO00430,Homo sapiens,NA,NA,NA,NA,NA,NA
ENTC00102,HONE-1,CELL LINE,Cancer cell line,Nasopharyngeal carcinoma,Hone-1; HONE1; Hone1,ENTO00430,Homo sapiens,CVCL_8706,CHEMBL3308670,CHEMBL614830,NA,NA,NA
ENTC00103,hPBMC,CELL LINE,Others,Blood,NA,ENTO00430,Homo sapiens,NA,NA,NA,NA,NA,NA
ENTC00104,Hs27,CELL LINE,Finite cell line,Fibroblast,Hs-27; Hs 27; Hs.27; HS27; Hs27F,ENTO00430,Homo sapiens,CVCL_0335,CHEMBL3307678,CHEMBL614666,CLO_0004251,NA,NA
ENTC00105,HT,CELL LINE,Cancer cell line,Lymphoma,NA,ENTO00430,Homo sapiens,CVCL_1290,CHEMBL3308143,CHEMBL2366130,CLO_0004265,EFO_0002200,LCL-1949
ENTC00106,HT-1080,CELL LINE,Cancer cell line,Bone Cancer,Ht-1080; HT 1080; HT1080; HT 1080.T,ENTO00430,Homo sapiens,CVCL_0317,CHEMBL3308396,CHEMBL614580,CLO_0004276,EFO_0002059,LCL-1435
ENTC00107,HT22,CELL LINE,Transformed cell line,Brain,HT-22,ENTO00517,Mus musculus,CVCL_0321,CHEMBL3307590,CHEMBL614316,NA,NA,NA
ENTC00108,HT-29,CELL LINE,Cancer cell line,Colon Cancer,HT 29; HT29,ENTO00430,Homo sapiens,CVCL_0320,CHEMBL3307768,CHEMBL384,CLO_0004283,EFO_0001193,LCL-1180
ENTC00109,HuCC-A1,CELL LINE,Cancer cell line,Liver Cancer,HuCCA-1; HuCCA1,ENTO00430,Homo sapiens,CVCL_M255,CHEMBL4513113,CHEMBL4513129,NA,NA,NA
ENTC00110,HuCC-T1,CELL LINE,Cancer cell line,Liver Cancer,HuCCT-1; HUCCT-1; HUCC-T1; HUCCT1; HuCCT1,ENTO00430,Homo sapiens,CVCL_0324,CHEMBL3307409,CHEMBL614581,CLO_0050009,NA,LCL-1788
ENTC00111,Huh-7,CELL LINE,Cancer cell line,Liver Cancer,HuH-7; HUH-7; HuH7; Huh7; HUH7; HUH7.0; JTC-39; Japanese Tissue Culture-39,ENTO00430,Homo sapiens,CVCL_0336,CHEMBL3307515,CHEMBL614039,CLO_0050853,EFO_0005384,LCL-1926
ENTC00112,HUVEC,CELL LINE,Transformed cell line,Epithelial,NA,ENTO00430,Homo sapiens,NA,CHEMBL3307501,CHEMBL613979,NA,NA,NA
ENTC00113,IEC-6,CELL LINE,Finite cell line,Epithelial,IEC 6; IEC6; Intestinal Epithelioid Cell line No. 6,ENTO00678,Rattus norvegicus,CVCL_0343,CHEMBL4295425,CHEMBL4296440,CLO_0050826,NA,NA
ENTC00114,IGROV-1/Pt,CELL LINE,Cancer cell line,Ovarian Cancer,NA,ENTO00430,Homo sapiens,NA,NA,NA,NA,NA,NA
ENTC00115,Intestine 407,CELL LINE,Cancer cell line,Cervical Cancer,intestine 407; Intestine-407; intestine-407; INT 407; Int 407; INT-407; Int-407; Int407; INT407; INT 407(HeLa derivative); HI407; Henle-407; HEI,ENTO00430,Homo sapiens,CVCL_1907,NA,NA,CLO_0006955,NA,NA
ENTC00116,J774A1,CELL LINE,Cancer cell line,Sarcomas,J-774A.1; J774.A1; J774 A1; J774A.1; J 774A.1; J774 A.1,ENTO00517,Mus musculus,CVCL_0358,CHEMBL3307516,CHEMBL614040,CLO_0007005,NA,NA
ENTC00117,JeKo-1,CELL LINE,Cancer cell line,Lymphoma,Jeko-1; JEKO-1; JeKo 1; Jeko1; JEKO1; JEKO,ENTO00430,Homo sapiens,CVCL_1865,CHEMBL4295383,CHEMBL4296445,NA,EFO_0005387,NA
ENTC00118,Jurkat,CELL LINE,Cancer cell line,Leukemia,JURKAT; JM; JM-Jurkat; Jurkat-FHCRC; Jurkat FHCRC; FHCRC-11; FHCRC subclone 11; FCCH1024,ENTO00430,Homo sapiens,CVCL_0065,CHEMBL3307526,CHEMBL397,CLO_0051001,EFO_0002796,LCL-2107
ENTC00119,Jurkat J1,CELL LINE,Cancer cell line,Leukemia,NA,ENTO00430,Homo sapiens,NA,NA,NA,NA,NA,NA
ENTC00120,Jurkat J16,CELL LINE,Cancer cell line,Leukemia,NA,ENTO00430,Homo sapiens,NA,NA,NA,NA,NA,NA
ENTC00121,K-562,CELL LINE,Cancer cell line,Leukemia,K562; K.562; K 562; KO; GM05372; GM05372E,ENTO00430,Homo sapiens,CVCL_0004,CHEMBL3308378,CHEMBL385,CLO_0050126,EFO_0002067,LCL-1103
ENTC00122,Karpas-299,CELL LINE,Cancer cell line,Lymphoma,KARPAS-299; Karpas 299; KARPAS 299; Karpas299; KARPAS299; K299,ENTO00430,Homo sapiens,CVCL_1324,CHEMBL3308327,CHEMBL2366156,CLO_0007065,EFO_0005390,LCL-1117
ENTC00123,KATO III,CELL LINE,Cancer cell line,Gastric Cancer,Kato III; Kato-III; KATO-III; KATOIII; KatoIII; KATO 3; JTC-28; Japanese Tissue Culture-28,ENTO00430,Homo sapiens,CVCL_0371,CHEMBL3308432,CHEMBL612700,CLO_0050790,EFO_0002217,LCL-2003
ENTC00124,KB,CELL LINE,Cancer cell line,Cervical Cancer,KB (HeLa derivative); HeLa-KB; Strain KB,ENTO00430,Homo sapiens,CVCL_0372,CHEMBL3307959,CHEMBL398,CLO_0007074,NA,NA
ENTC00125,KB-3-1,CELL LINE,Cancer cell line,Cervical Cancer,KB 3-1; KB3-1; KB31,ENTO00430,Homo sapiens,CVCL_2088,CHEMBL3307659,CHEMBL614590,CLO_0007076,NA,NA
ENTC00126,KB-VIN,CELL LINE,Cancer cell line,Cervical Cancer,NA,ENTO00430,Homo sapiens,NA,NA,NA,NA,NA,NA
ENTC00127,KKU-100,CELL LINE,Cancer cell line,Liver Cancer,KKU100; K100,ENTO00430,Homo sapiens,CVCL_3996,NA,NA,NA,NA,NA
ENTC00128,KKU-M139,CELL LINE,Cancer cell line,Liver Cancer,KKUM139; M139; KKU-139,ENTO00430,Homo sapiens,CVCL_M259,NA,NA,NA,NA,NA
ENTC00129,KKU-213C,CELL LINE,Cancer cell line,Liver Cancer,KKU-M156; KKUM156; M156; KKU-156,ENTO00430,Homo sapiens,CVCL_M260,NA,NA,NA,NA,NA
ENTC00130,KKU-213A,CELL LINE,Cancer cell line,Liver Cancer,KKU-M213; KKUM213; M213; KKU-213; KKU213,ENTO00430,Homo sapiens,CVCL_M261,NA,NA,NA,NA,NA
ENTC00131,KKU-213B,CELL LINE,Cancer cell line,Liver Cancer,KKU-M214; KKUM214; M214; KKU-214; KKU214,ENTO00430,Homo sapiens,CVCL_M264,NA,NA,NA,NA,NA
ENTC00132,KMS-34,CELL LINE,Cancer cell line,Myeloma,KMS34; Kawasaki Medical School-34,ENTO00430,Homo sapiens,CVCL_2996,NA,NA,NA,EFO_0006619,NA
ENTC00133,Ku812F,CELL LINE,Cancer cell line,Leukemia,KU812F; KU-812-F; KU-812F; KU 812F; KU812-F,ENTO00430,Homo sapiens,CVCL_0616,NA,NA,CLO_0051002,NA,LCL-1108
ENTC00134,KYSE-450,CELL LINE,Cancer cell line,Esophageal Cancer,KYSE 450; KYSE450; Kyse450,ENTO00430,Homo sapiens,CVCL_1353,CHEMBL3308755,CHEMBL1075488,CLO_0007134,EFO_0006630,LCL-1550
ENTC00135,KYSE-510 cisplatin-resistant,CELL LINE,Cancer cell line,Esophageal Cancer,NA,ENTO00430,Homo sapiens,NA,NA,NA,NA,NA,NA
ENTC00136,KYSE-510 sensitive to cisplatin,CELL LINE,Cancer cell line,Esophageal Cancer,NA,ENTO00430,Homo sapiens,NA,NA,NA,NA,NA,NA
ENTC00137,L-02,CELL LINE,Cancer cell line,Cervical Cancer,L02; LO2; HL-7702; HL7702; Liver-02; Human Liver-7702,ENTO00430,Homo sapiens,CVCL_6926,CHEMBL4295475,CHEMBL4296457,NA,NA,NA
ENTC00138,L1210,CELL LINE,Cancer cell line,Leukemia,L 1210; L-1210; Leukemic 1210; Leukemia 1210; Leukemia L1210,ENTO00517,Mus musculus,CVCL_0382,CHEMBL3308391,CHEMBL386,CLO_0007156,EFO_0005284,NA
ENTC00139,L-363,CELL LINE,Cancer cell line,Myeloma,L 363; L363,ENTO00430,Homo sapiens,CVCL_1357,CHEMBL3308205,CHEMBL2366267,CLO_0007186,EFO_0006450,LCL-2045
ENTC00140,L-5178-Y,CELL LINE,Cancer cell line,Leukemia,L5178Y; LY,ENTO00517,Mus musculus,CVCL_2097,CHEMBL3307690,CHEMBL614720,CLO_0050168,NA,NA
ENTC00141,L6,CELL LINE,Transformed cell line,Myoblast,L-6; L-6 myoblast,ENTO00678,Rattus norvegicus,CVCL_0385,CHEMBL3308469,CHEMBL614793,CLO_0007203,NA,NA
ENTC00142,LIXF 575L,CELL LINE,Cancer cell line,Liver Cancer,NA,ENTO00430,Homo sapiens,NA,NA,NA,NA,NA,NA
ENTC00143,LLC,CELL LINE,Cancer cell line,Lung Cancer,NA,ENTO00517,Mus musculus,NA,NA,NA,NA,NA,NA
ENTC00144,LLC-PK,CELL LINE,Cancer cell line,Renal Cancer,NA,ENTO00811,Sus scrofa,NA,NA,NA,NA,NA,NA
ENTC00145,LLC-PK11,CELL LINE,Cancer cell line,Renal Cancer,NA,ENTO00811,Sus scrofa,NA,NA,NA,NA,NA,NA
ENTC00146,LM3,CELL LINE,Cancer cell line,Breast Cancer,NA,ENTO00517,Mus musculus,CVCL_D269,NA,NA,NA,NA,NA
ENTC00147,LN-229,CELL LINE,Cancer cell line,Brain Cancer,LN 229; LN229; LNT-229,ENTO00430,Homo sapiens,CVCL_0393,CHEMBL4295402,CHEMBL4296459,CLO_0007363,EFO_0006637,LCL-1354
ENTC00148,LoVo,CELL LINE,Cancer cell line,Colon Cancer,LOVO,ENTO00430,Homo sapiens,CVCL_0399,CHEMBL3307691,CHEMBL614721,CLO_0050632,EFO_0006639,LCL-1181
ENTC00149,LS174T,CELL LINE,Cancer cell line,Colon Cancer,Ls174T; LS174t; Ls-174-T; LS-174-T; LS 174 T; LS-174T; Ls-174T; LS 174T; LS-174; LS174,ENTO00430,Homo sapiens,CVCL_1384,CHEMBL3307536,CHEMBL614097,CLO_0007403,EFO_0002227,LCL-1182
ENTC00150,Lu1,CELL LINE,Cancer cell line,Lung Cancer,NA,ENTO00430,Homo sapiens,NA,CHEMBL3308512,CHEMBL613290,NA,NA,NA
ENTC00151,Lu-65,CELL LINE,Cancer cell line,Lung Cancer,LU-65M; LU-65; LU65; Lu65; C-Lu-65; C-Lu65,ENTO00430,Homo sapiens,CVCL_1392,CHEMBL3308623,CHEMBL614694,CLO_0050059,NA,LCL-1904
ENTC00152,LX-2,CELL LINE,Transformed cell line,Liver,Lieming Xu-2,ENTO00430,Homo sapiens,CVCL_5792,CHEMBL4879539,NA,NA,NA,NA
ENTC00153,LXFA 289L,CELL LINE,Cancer cell line,Lung Cancer,NA,ENTO00430,Homo sapiens,NA,NA,NA,NA,NA,NA
ENTC00154,LXFA 526L,CELL LINE,Cancer cell line,Lung Cancer,NA,ENTO00430,Homo sapiens,NA,NA,NA,NA,NA,NA
ENTC00155,LXFA 629L,CELL LINE,Cancer cell line,Lung Cancer,LXFA629; LXFA 629; LXF 629L,ENTO00430,Homo sapiens,CVCL_D189,CHEMBL3308621,CHEMBL614689,NA,NA,NA
ENTC00156,LXFL 1121L,CELL LINE,Cancer cell line,Lung Cancer,NA,ENTO00430,Homo sapiens,NA,NA,NA,NA,NA,NA
ENTC00157,LXFL 529L,CELL LINE,Cancer cell line,Lung Cancer,LXFL-529L; LXFL529L; LXF 529 L; LXFL-529; LXFL 529; LXFL529; LXF 529,ENTO00430,Homo sapiens,CVCL_D085,CHEMBL3307537,CHEMBL614110,NA,EFO_0006642,NA
ENTC00158,LXFL H 460,CELL LINE,Cancer cell line,Lung Cancer,NA,ENTO00430,Homo sapiens,NA,NA,NA,NA,NA,NA
ENTC00159,M14,CELL LINE,Cancer cell line,Melanoma,M14-MEL; UCLA-SO-M14; UCLA SO M14; UCLA-SO-14; UCLASO-M14; Melanoma 14; M-14,ENTO00430,Homo sapiens,CVCL_1395,CHEMBL3307591,CHEMBL614317,NA,EFO_0003056,NA
ENTC00160,MA-10,CELL LINE,Cancer cell line,Others,MA10,ENTO00517,Mus musculus,CVCL_D789,NA,NA,NA,NA,NA
ENTC00161,Mouse Macrophage,CELL LINE,Others,Others,NA,ENTO00517,Mus musculus,NA,CHEMBL4295355,NA,NA,NA,NA
ENTC00162,MARC-145,CELL LINE,Spontaneously immortalized cell line,Kidney,Marc-145; MARC 145; Marc 145; MARC145; Marc145; Meat Animal Research Center-145,ENTO00195,Chlorocebus pygerythrus,CVCL_4540,NA,NA,CLO_0007536,NA,NA
ENTC00163,MAXF 401NL,CELL LINE,Cancer cell line,Breast Cancer,MAXF401; MAXF 401; MAXF-401; 401NL,ENTO00430,Homo sapiens,CVCL_D131,CHEMBL3307805,CHEMBL612703,NA,NA,NA
ENTC00164,MAXF MCF 7,CELL LINE,Cancer cell line,Breast Cancer,NA,ENTO00430,Homo sapiens,NA,NA,NA,NA,NA,NA
ENTC00165,MAXF MDA 231,CELL LINE,Cancer cell line,Breast Cancer,NA,ENTO00430,Homo sapiens,NA,NA,NA,NA,NA,NA
ENTC00166,MC3T3-E1,CELL LINE,Spontaneously immortalized cell line,Fibroblast,Mc3T3-E1; MC3T3E1; MC-3T3-E1; MC 3T3-E1,ENTO00517,Mus musculus,CVCL_0409,CHEMBL4295391,CHEMBL4296463,CLO_0050208,NA,NA
ENTC00167,MCF-10A,CELL LINE,Spontaneously immortalized cell line,Breast,MCF 10A; MCF.10A; MCF10A; MCF10-A; MCF10a; MCF-10 Attached; Michigan Cancer Foundation-10A,ENTO00430,Homo sapiens,CVCL_0598,CHEMBL3307364,CHEMBL614321,CLO_0007599,EFO_0001200,LCL-2085
ENTC00168,MCF-7,CELL LINE,Cancer cell line,Breast Cancer,MCF 7; MCF.7; MCF7; Michigan Cancer Foundation-7; ssMCF-7; ssMCF7; MCF7/WT; MCF7-CTRL; IBMF-7,ENTO00430,Homo sapiens,CVCL_0031,CHEMBL3308403,CHEMBL387,CLO_0050868,EFO_0001203,LCL-1460
ENTC00169,MDA-MB-231,CELL LINE,Cancer cell line,Breast Cancer,MDA_MB_231; MDA-MB 231; MDA.MB.231; MDA MB 231; MDA MB231; MDA Mb231; MDA-MB231; MDAMB-231; MDAMB231; MDA-231; MDA-231P; MDA231; MDA231-BRE; MB231; MD Anderson-Metastatic Breast-231,ENTO00430,Homo sapiens,CVCL_0062,CHEMBL3307960,CHEMBL400,CLO_0037291,EFO_0001209,LCL-1461
ENTC00170,MDA-MB-435,CELL LINE,Cancer cell line,Melanoma,MDA-MB435; MDAMB435; MDA.MB.435; MDA-435; MDA 435; MDA435; MD Anderson-Metastatic Breast-435,ENTO00430,Homo sapiens,CVCL_0417,CHEMBL3307686,CHEMBL614697,NA,EFO_0001213,NA
ENTC00171,MDA-MB-468,CELL LINE,Cancer cell line,Breast Cancer,MDA-MB 468; MDA-MB468; MDAMB468; MDA-468; MDA468; MB468; MD Anderson-Metastatic Breast-468,ENTO00430,Homo sapiens,CVCL_0419,CHEMBL3308424,CHEMBL614335,CLO_0007641,EFO_0001216,LCL-1471
ENTC00172,MEXF 1341L,CELL LINE,Cancer cell line,Melanoma,NA,ENTO00430,Homo sapiens,NA,NA,NA,NA,NA,NA
ENTC00173,MEXF 462NL,CELL LINE,Cancer cell line,Melanoma,MEXF462NL; MEXF 462; MEXF462,ENTO00430,Homo sapiens,CVCL_D128,NA,NA,NA,NA,NA
ENTC00174,MEXF 276L,CELL LINE,Cancer cell line,Melanoma,MEXF276L; MEXF 276,ENTO00430,Homo sapiens,CVCL_D132,CHEMBL3307542,CHEMBL614130,NA,NA,NA
ENTC00175,MFC,CELL LINE,Cancer cell line,Gastric Cancer,Mouse Forestomach Carcinoma,ENTO00517,Mus musculus,CVCL_5J48,NA,NA,NA,NA,NA
ENTC00176,MG-63,CELL LINE,Cancer cell line,Bone Cancer,M-G63; MG63,ENTO00430,Homo sapiens,CVCL_0426,CHEMBL3308498,CHEMBL614347,CLO_0050808,EFO_0002234,LCL-1428
ENTC00177,MGC ,CELL LINE,Cancer cell line,Gastric Cancer,NA,ENTO00430,Homo sapiens,NA,NA,NA,NA,NA,NA
ENTC00178,MGC-803,CELL LINE,Cancer cell line,Gastric Cancer,MGC803; MGc80-3,ENTO00430,Homo sapiens,CVCL_5334,CHEMBL3706567,CHEMBL3706566,NA,EFO_0006286,NA
ENTC00179,MHCC97-H,CELL LINE,Cancer cell line,Liver Cancer,MHCC 97-H; MHCC-97H; MHCC97H,ENTO00430,Homo sapiens,CVCL_4972,CHEMBL4295459,CHEMBL4296470,NA,NA,NA
ENTC00180,MIA PaCa-2,CELL LINE,Cancer cell line,Pancreatic Cancer,MIA-PaCa-2; MIA-PACA-2; MIA-Pa-Ca-2; MIA Paca2; MIA PaCa2; MiaPaCa-2; MIAPACA-2; MiaPaca.2; MiaPaCa2; Miapaca2; MIAPaCa2; MIAPACA2; Mia PACA 2; MIAPaCa-2; PaCa2; MiaPaCa,ENTO00430,Homo sapiens,CVCL_0428,CHEMBL3308500,CHEMBL614725,CLO_0050101,EFO_0002236,LCL-1738
ENTC00181,MKN45,CELL LINE,Cancer cell line,Gastric Cancer,MKN-45; MKN 45,ENTO00430,Homo sapiens,CVCL_0434,CHEMBL3307603,CHEMBL614354,CLO_0050797,EFO_0002832,LCL-1535
ENTC00182,MM1.R,CELL LINE,Cancer cell line,Melanoma,MM1.r; MM.1R; MM1-R; MM-1R; MM1R; MM1.R(L); MM1.RL,ENTO00430,Homo sapiens,CVCL_8794,NA,NA,NA,NA,NA
ENTC00183,MM1.S,CELL LINE,Cancer cell line,Melanoma,MM.1S; MM1-S; MM-1S; MM1S,ENTO00430,Homo sapiens,CVCL_8792,CHEMBL4295490,CHEMBL4296471,CLO_0037203,EFO_0005724,NA
ENTC00184,MMQ,CELL LINE,Cancer cell line,Pituitary Cancer,NA,ENTO00678,Rattus norvegicus,CVCL_2117,CHEMBL3307313,CHEMBL614171,CLO_0007804,NA,NA
ENTC00185,MOLM-13,CELL LINE,Cancer cell line,Leukemia,MOLM13; Molm13; Molm 13,ENTO00430,Homo sapiens,CVCL_2119,CHEMBL3706573,CHEMBL3706572,NA,NA,LCL-1061
ENTC00186,MOLT-3,CELL LINE,Cancer cell line,Leukemia,Molt-3; MOLT 3; Molt 3; MOLT3; Molt3,ENTO00430,Homo sapiens,CVCL_0624,CHEMBL3307556,CHEMBL614176,CLO_0051008,EFO_0005265,NA
ENTC00187,MOLT-4,CELL LINE,Cancer cell line,Leukemia,Molt-4; MOLT 4; Molt 4; MOLT.4; MOLT4; Molt4; GM02219; GM02219C; GM2219C; GM02219D,ENTO00430,Homo sapiens,CVCL_0013,CHEMBL3307557,CHEMBL614177,CLO_0050992,EFO_0001220,LCL-1019
ENTC00188,MRC-5,CELL LINE,Finite cell line,Lung,MRC5; MRC 5; MRCV; MRC-V; Medical Research Council cell strain-5,ENTO00430,Homo sapiens,CVCL_0440,CHEMBL3308499,CHEMBL614181,CLO_0050055,EFO_0002835,NA
ENTC00189,MRMT-1,CELL LINE,Cancer cell line,Breast Cancer,NA,ENTO00678,Rattus norvegicus,CVCL_5156,NA,NA,CLO_0051603,NA,NA
ENTC00190,MV4-11,CELL LINE,Cancer cell line,Leukemia,MV-4-11; MV-4:11; MV4:11; MV 4;11; MV4;11; MV411; MV(4;11); MV4II,ENTO00430,Homo sapiens,CVCL_0064,CHEMBL3308063,CHEMBL613835,CLO_0007906,EFO_0002242,LCL-1092
ENTC00191,NB4,CELL LINE,Cancer cell line,Leukemia,NB-4; NB.4,ENTO00430,Homo sapiens,CVCL_0005,CHEMBL3308423,CHEMBL614188,CLO_0007947,EFO_0002798,LCL-1084
ENTC00192,NBT-T2,CELL LINE,Cancer cell line,Bladder Cancer,NA,ENTO00678,Rattus norvegicus,CVCL_4675,NA,NA,CLO_0050838,NA,NA
ENTC00193,NCI-H125,CELL LINE,Cancer cell line,Lung Cancer,H125; H-125; NCI-Hut 125; NCI-HUT-125; NCI-HUT 125; HUT-125; HUT 125; HUT125,ENTO00430,Homo sapiens,CVCL_3968,CHEMBL3307888,CHEMBL614159,NA,EFO_0003116,NA
ENTC00194,NCI-H1299,CELL LINE,Cancer cell line,Lung Cancer,H1299; H-1299; NCIH1299,ENTO00430,Homo sapiens,CVCL_0060,CHEMBL3308501,CHEMBL612255,CLO_0007986,EFO_0003043,LCL-1609
ENTC00195,NCI-H1650,CELL LINE,Cancer cell line,Lung Cancer,H1650; H-1650; H1650_CO; NCIH1650,ENTO00430,Homo sapiens,CVCL_1483,CHEMBL3308800,CHEMBL1075518,CLO_0008007,EFO_0002260,LCL-1612
ENTC00196,NCI-H1688,CELL LINE,Cancer cell line,Lung Cancer,H1688; H-1688; NCIH1688,ENTO00430,Homo sapiens,CVCL_1487,NA,NA,CLO_0008011,NA,LCL-1811
ENTC00197,NCI-H187,CELL LINE,Cancer cell line,Lung Cancer,H187; H-187; NCIH187,ENTO00430,Homo sapiens,CVCL_1501,CHEMBL3308878,CHEMBL2366276,CLO_0008025,EFO_0002269,LCL-1843
ENTC00198,NCI-H1975,CELL LINE,Cancer cell line,Lung Cancer,H1975; H-1975; NCIH1975,ENTO00430,Homo sapiens,CVCL_1511,CHEMBL3307601,CHEMBL614348,CLO_0008035,EFO_0002271,LCL-1663
ENTC00199,NCI-H2228,CELL LINE,Cancer cell line,Lung Cancer,H2228; H-2228; NCIH2228,ENTO00430,Homo sapiens,CVCL_1543,CHEMBL3308120,CHEMBL1075536,CLO_0008067,EFO_0002284,LCL-1652
ENTC00200,NCI-H226,CELL LINE,Cancer cell line,Others,NCI.H226; NCI H226; H226; H-226; HUT-226; HUT 226; NCIH226,ENTO00430,Homo sapiens,CVCL_1544,CHEMBL3307697,CHEMBL614740,CLO_0008068,EFO_0002285,LCL-1597
ENTC00201,NCI-H358,CELL LINE,Cancer cell line,Lung Cancer,H358; H-358; NCIH358,ENTO00430,Homo sapiens,CVCL_1559,CHEMBL3307543,CHEMBL614135,CLO_0008085,EFO_0002291,LCL-1671
ENTC00202,NCI-H446,CELL LINE,Cancer cell line,Lung Cancer,H446; H-446; NCI-446; NCIH446,ENTO00430,Homo sapiens,CVCL_1562,CHEMBL3307760,CHEMBL612440,CLO_0008088,EFO_0002293,LCL-1855
ENTC00203,NCI-H460,CELL LINE,Cancer cell line,Lung Cancer,NCI.H460; H460; H-460; NCIH460; NCI-HUT-460; NCI-460,ENTO00430,Homo sapiens,CVCL_0459,CHEMBL3307677,CHEMBL396,CLO_0008089,EFO_0003044,LCL-1784
ENTC00204,NCI-H929,CELL LINE,Cancer cell line,Melanoma,NCI H929; NCIH929; H929; H-929,ENTO00430,Homo sapiens,CVCL_1600,CHEMBL4295412,CHEMBL4296391,CLO_0008127,EFO_0001221,NA
ENTC00205,NCI-N87,CELL LINE,Cancer cell line,Gastric Cancer,NCI N87; N87; N-87; NCI-H87; H87; H-87; NCIN87,ENTO00430,Homo sapiens,CVCL_1603,CHEMBL3307326,CHEMBL614197,CLO_0008129,EFO_0002841,LCL-1886
ENTC00206,NFF,CELL LINE,Others,Fibroblast,NA,ENTO00430,Homo sapiens,NA,CHEMBL3307561,CHEMBL614198,NA,NA,NA
ENTC00207,NFS-60,CELL LINE,Cancer cell line,Leukemia,M-NFS-60; NFS 60; NFS60,ENTO00517,Mus musculus,CVCL_3543,CHEMBL3307327,CHEMBL614199,CLO_0007812,NA,NA
ENTC00208,OCILY17R,CELL LINE,Cancer cell line,Lymphoma,NA,ENTO00430,Homo sapiens,NA,NA,NA,NA,NA,NA
ENTC00209,OCI-My5,CELL LINE,Cancer cell line,Melanoma,OCI-MY5; OCI-My 5; OCIMy5; OCIMY5; MY5,ENTO00430,Homo sapiens,CVCL_E332,NA,NA,NA,NA,NA
ENTC00210,OPM-2,CELL LINE,Cancer cell line,Melanoma,OPM2,ENTO00430,Homo sapiens,CVCL_1625,CHEMBL3308883,CHEMBL2366353,CLO_0008269,EFO_0006716,LCL-2048
ENTC00211,OS-RC-2,CELL LINE,Cancer cell line,Renal Cancer,OSRC2; RC-2,ENTO00430,Homo sapiens,CVCL_1626,CHEMBL3308274,CHEMBL2366188,CLO_0050889,NA,LCL-1768
ENTC00212,OVCAR-3,CELL LINE,Cancer cell line,Ovarian Cancer,Ovcar-3; OVCAR 3; OVCAR.3; NIH:OVCAR-3; NIH:Ovcar-3; NIH:OVCAR3; NIH-OVCAR-3; NIHOVCAR3; OVCAR3; Ovcar3,ENTO00430,Homo sapiens,CVCL_0465,CHEMBL3307564,CHEMBL614213,CLO_0051451,EFO_0003061,LCL-1522
ENTC00213,OVCAR-4,CELL LINE,Cancer cell line,Ovarian Cancer,OVCAR 4; NIH:OVCAR-4; NIH:OVCAR4; OVCAR.4; OVCAR4; Ovcar4,ENTO00430,Homo sapiens,CVCL_1627,CHEMBL3307517,CHEMBL614051,NA,EFO_0005442,LCL-1697
ENTC00214,OVCAR-5,CELL LINE,Cancer cell line,Ovarian Cancer,OVCAR 5; NIH:OVCAR-5; OVCAR.5; OVCAR5; Ovcar5; OVCA5,ENTO00430,Homo sapiens,CVCL_1628,CHEMBL3307565,CHEMBL614214,CLO_0008280,EFO_0005443,NA
ENTC00215,OVXF 899L,CELL LINE,Cancer cell line,Ovarian Cancer,OVXF 899,ENTO00430,Homo sapiens,CVCL_D170,NA,NA,NA,NA,NA
ENTC00216,OVXF OVCAR3,CELL LINE,Cancer cell line,Ovarian Cancer,NA,ENTO00430,Homo sapiens,NA,NA,NA,NA,NA,NA
ENTC00217,P388,CELL LINE,Cancer cell line,Lymphoma,P-388,ENTO00517,Mus musculus,CVCL_7222,CHEMBL3308401,CHEMBL389,CLO_0050216,NA,NA
ENTC00218,P6C,CELL LINE,Cancer cell line,Colon Cancer,NA,ENTO00430,Homo sapiens,CVCL_T056,NA,NA,NA,NA,NA
ENTC00219,PANC-1,CELL LINE,Cancer cell line,Pancreatic Cancer,Panc-1; PANC.1; Panc 1; PanC1; Panc1; PANC1; Panc-1-P,ENTO00430,Homo sapiens,CVCL_0480,CHEMBL3307545,CHEMBL614139,CLO_0050102,EFO_0002713,LCL-1726
ENTC00220,PAXF 1657L,CELL LINE,Cancer cell line,Pancreatic Cancer,NA,ENTO00430,Homo sapiens,NA,NA,NA,NA,NA,NA
ENTC00221,PAXF PANC 1,CELL LINE,Cancer cell line,Pancreatic Cancer,NA,ENTO00430,Homo sapiens,NA,NA,NA,NA,NA,NA
ENTC00222,PAXF546,CELL LINE,Cancer cell line,Pancreatic Cancer,NA,ENTO00430,Homo sapiens,NA,CHEMBL3307269,CHEMBL613521,NA,NA,NA
ENTC00223,PBMC,CELL LINE,Others,Blood,NA,ENTO00430,Homo sapiens,NA,CHEMBL3308021,CHEMBL613107,NA,NA,NA
ENTC00224,PC12,CELL LINE,Cancer cell line,Renal Cancer,PC-12; PC 12; PC12.1,ENTO00678,Rattus norvegicus,CVCL_0481,CHEMBL3307976,CHEMBL612556,CLO_0050821,EFO_0001225,NA
ENTC00225,PC-3,CELL LINE,Cancer cell line,Prostate Cancer,PC3; PC.3,ENTO00430,Homo sapiens,CVCL_0035,CHEMBL3307570,CHEMBL390,CLO_0051535,EFO_0002074,LCL-1299
ENTC00226,PC-3M,CELL LINE,Cancer cell line,Prostate Cancer,PC3-M; PC-3/M; PC3M; Pc3M,ENTO00430,Homo sapiens,CVCL_9555,CHEMBL4295486,CHEMBL4296484,NA,NA,NA
ENTC00227,Mouse Peritoneal Macrophages,CELL LINE,Others,Peritoneum,NA,ENTO00517,Mus musculus,NA,CHEMBL4295503,CHEMBL613703 ,NA,NA,NA
ENTC00228,PRXF 22RV1,CELL LINE,Cancer cell line,Prostate Cancer,NA,ENTO00430,Homo sapiens,NA,NA,NA,NA,NA,NA
ENTC00229,PRXF DU 145,CELL LINE,Cancer cell line,Prostate Cancer,NA,ENTO00430,Homo sapiens,NA,NA,NA,NA,NA,NA
ENTC00230,PRXF LNCAP,CELL LINE,Cancer cell line,Prostate Cancer,NA,ENTO00430,Homo sapiens,NA,NA,NA,NA,NA,NA
ENTC00231,PRXF PC3M,CELL LINE,Cancer cell line,Prostate Cancer,NA,ENTO00430,Homo sapiens,NA,NA,NA,NA,NA,NA
ENTC00232,PXF 1118L,CELL LINE,Cancer cell line,Others,NA,ENTO00430,Homo sapiens,NA,NA,NA,NA,NA,NA
ENTC00233,PXF 1752L,CELL LINE,Cancer cell line,Others,NA,ENTO00430,Homo sapiens,NA,NA,NA,NA,NA,NA
ENTC00234,PXF 698L,CELL LINE,Cancer cell line,Others,NA,ENTO00430,Homo sapiens,NA,NA,NA,NA,NA,NA
ENTC00235,QGY-7701,CELL LINE,Cancer cell line,Cervical Cancer,QGY 7701; QGY7701,ENTO00430,Homo sapiens,CVCL_6859,NA,NA,NA,NA,NA
ENTC00236,QSG-7701,CELL LINE,Cancer cell line,Cervical Cancer,QSG7701,ENTO00430,Homo sapiens,CVCL_6944,NA,NA,NA,NA,NA
ENTC00237,Ramos,CELL LINE,Cancer cell line,Lymphoma,RAMOS; Ramos 1; RA 1; RA.1; Ra #1; Ra No. 1; Ramos(RA1); Ramos-RA1; Ramos (RA 1); Ramos (RA),ENTO00430,Homo sapiens,CVCL_0597,CHEMBL3307664,CHEMBL614629,CLO_0008739,EFO_0002077,LCL-1097
ENTC00238,RAW 264.7,CELL LINE,Cancer cell line,Leukemia,RAW264; RAW2647; RAW264.7; RAW-264.7; Raw 264.7; Raw264.7,ENTO00517,Mus musculus,CVCL_0493,CHEMBL3307977,CHEMBL612557,CLO_0051424,EFO_0001231,NA
ENTC00239,RBL-2H3,CELL LINE,Cancer cell line,Leukemia,RBL2H3; RBL 2H3; RBL.2H3,ENTO00678,Rattus norvegicus,CVCL_0591,CHEMBL3307666,CHEMBL614632,CLO_0051024,NA,NA
ENTC00240,RKO,CELL LINE,Cancer cell line,Colon Cancer,NA,ENTO00430,Homo sapiens,CVCL_0504,CHEMBL3307731,CHEMBL614879,CLO_0008825,EFO_0001232,LCL-1168
ENTC00241,RPC,CELL LINE,Others,Pituitary,NA,ENTO00678,Rattus norvegicus,NA,NA,NA,NA,NA,NA
ENTC00242,RPMI-8226,CELL LINE,Cancer cell line,Myeloma,RPMI 8226; RPMI.8226; RPMI8226; RPMI no. 8226; RPMI no 8226; RPMI #8226; 8226; RPMI 8226/S; RPMI-8226S; RPMI8226/S; 8226/S; Roswell Park Memorial Institute 8226; GM02132; GM2132; GM 2132; GM02132C; Simpson,ENTO00430,Homo sapiens,CVCL_0014,CHEMBL3307732,CHEMBL614882,CLO_0031845,EFO_0002322,LCL-2049
ENTC00243,RXF 1781L,CELL LINE,Cancer cell line,Renal Cancer,NA,ENTO00430,Homo sapiens,NA,NA,NA,NA,NA,NA
ENTC00244,RXF 393L,CELL LINE,Cancer cell line,Renal Cancer,RXF393L; RXF-393 L; RXF-393; RXF 393; RXF.393; RXF393; RXF 393NL,ENTO00430,Homo sapiens,CVCL_1673,CHEMBL3307734,CHEMBL614886,NA,NA,LCL-1770
ENTC00245,RXF 486L,CELL LINE,Cancer cell line,Renal Cancer,RXF486L,ENTO00430,Homo sapiens,CVCL_D126,NA,NA,NA,NA,NA
ENTC00246,SF268,CELL LINE,Cancer cell line,Brain Cancer,SF-268; SF.268; SF 268,ENTO00430,Homo sapiens,CVCL_1689,CHEMBL3307499,CHEMBL613977,NA,EFO_0005451,LCL-1389
ENTC00247,SF295,CELL LINE,Cancer cell line,Brain Cancer,SF-295; SF.295; SF 295,ENTO00430,Homo sapiens,CVCL_1690,CHEMBL3307738,CHEMBL614937,NA,EFO_0005452,NA
ENTC00248,SGC-7901,CELL LINE,Cancer cell line,Cervical Cancer,SGC 7901; SGC7901,ENTO00430,Homo sapiens,CVCL_0520,CHEMBL3307739,CHEMBL614909,NA,EFO_0006293,NA
ENTC00249,SH-SY5Y,CELL LINE,Cancer cell line,Brain Cancer,SH-Sy5y; SHSY5Y; SHSY-5Y; SK-SH-SY5Y; SY5Y; SH-SY5Y Parental,ENTO00430,Homo sapiens,CVCL_0019,CHEMBL3307740,CHEMBL614910,CLO_0009015,EFO_0002717,LCL-2000
ENTC00250,SK-BR-3,CELL LINE,Cancer cell line,Breast Cancer,SK-Br-3; Sk-Br-3; SK BR 03; SKBR-3; SKBr-3; SK-BR3; SKBr3; SkBr3; SKBR3,ENTO00430,Homo sapiens,CVCL_0033,CHEMBL3308062,CHEMBL613834,CLO_0037295,EFO_0001236,LCL-1475
ENTC00251,SK-HEP-1,CELL LINE,Cancer cell line,Liver Cancer,SK-Hep-1; SK HEP-1; SK HEP 01; SK-Hep1; Sk-Hep1; SK Hep1; SKHEP-1; SKHEP1; SKHep1; SK_HEP1,ENTO00430,Homo sapiens,CVCL_0525,CHEMBL3307741,CHEMBL614912,CLO_0009037,NA,LCL-1941
ENTC00252,SKM-1,CELL LINE,Cancer cell line,Leukemia,SKM1,ENTO00430,Homo sapiens,CVCL_0098,CHEMBL3308216,CHEMBL2366085,NA,EFO_0006753,NA
ENTC00253,SK-MEL,CELL LINE,Cancer cell line,Melanoma,NA,ENTO00430,Homo sapiens,NA,CHEMBL3307742,CHEMBL614914 ,NA,NA,NA
ENTC00254,SK-OV-3,CELL LINE,Cancer cell line,Ovarian Cancer,SKOV-3; SK-OV3; SK.OV.3; SKOV3; Skov3; SKO3,ENTO00430,Homo sapiens,CVCL_0532,CHEMBL3307746,CHEMBL614925,CLO_0009063,EFO_0002340,LCL-1517
ENTC00255,SMMC-7721,CELL LINE,Cancer cell line,Cervical Cancer,SMMC 7721; SMMC7721; H7721; H-7721,ENTO00430,Homo sapiens,CVCL_0534,CHEMBL3308059,CHEMBL613831,NA,NA,NA
ENTC00256,SNB-19,CELL LINE,Cancer cell line,Brain Cancer,SNB.19; SNB19; Surgical Neurology Branch-19,ENTO00430,Homo sapiens,CVCL_0535,CHEMBL3307552,CHEMBL614164,CLO_0009093,EFO_0002342,LCL-1363
ENTC00257,SPC-A1,CELL LINE,Cancer cell line,Cervical Cancer,SPC-A-1; SPCA-1; SPCA1,ENTO00430,Homo sapiens,CVCL_6955,NA,NA,NA,NA,NA
ENTC00258,Mouse Splenocyte,CELL LINE,Others,Lymphoma,NA,ENTO00517,Mus musculus,NA,CHEMBL3307957,CHEMBL612422,NA,NA,NA
ENTC00259,SW1116,CELL LINE,Cancer cell line,Colon Cancer,SW-1116; SW 1116,ENTO00430,Homo sapiens,CVCL_0544,CHEMBL3308495,CHEMBL614942,CLO_0009208,EFO_0002359,LCL-1200
ENTC00260,SW1990,CELL LINE,Cancer cell line,Pancreatic Cancer,SW-1990; SW 1990,ENTO00430,Homo sapiens,CVCL_1723,CHEMBL3308789,CHEMBL1075592,CLO_0009194,EFO_0002365,LCL-1750
ENTC00261,SW480,CELL LINE,Cancer cell line,Colon Cancer,SW-480; SW 480; SW480E,ENTO00430,Homo sapiens,CVCL_0546,CHEMBL3307758,CHEMBL612544,CLO_0009218,EFO_0002083,NA
ENTC00262,SW620,CELL LINE,Cancer cell line,Colon Cancer,SW-620; SW 620; SW.620,ENTO00430,Homo sapiens,CVCL_0547,CHEMBL3307944,CHEMBL612262,CLO_0009221,EFO_0002368,LCL-1157
ENTC00263,SXF SAOS2,CELL LINE,Cancer cell line,Sarcomas,NA,ENTO00430,Homo sapiens,NA,NA,NA,NA,NA,NA
ENTC00264,SXF TE671,CELL LINE,Cancer cell line,Sarcomas,NA,ENTO00430,Homo sapiens,NA,NA,NA,NA,NA,NA
ENTC00265,T24,CELL LINE,Cancer cell line,Bladder Cancer,T-24; T 24,ENTO00430,Homo sapiens,CVCL_0554,CHEMBL3307700,CHEMBL614774,CLO_0050844,EFO_0002864,LCL-1709
ENTC00266,T-47D,CELL LINE,Cancer cell line,Breast Cancer,T-47-D; T47-D; T47D:A; T47D,ENTO00430,Homo sapiens,CVCL_0553,CHEMBL3307606,CHEMBL614361,CLO_0009251,EFO_0001247,LCL-1486
ENTC00267,T84,CELL LINE,Cancer cell line,Colon Cancer,T-84; T 84,ENTO00430,Homo sapiens,CVCL_0555,CHEMBL3307275,CHEMBL613531,CLO_0009254,EFO_0002084,LCL-1166
ENTC00268,Mouse T-cell,CELL LINE,Others,Lymphoma,NA,ENTO00517,Mus musculus,NA,CHEMBL3308643,NA,NA,NA,NA
ENTC00269,Human T-cell,CELL LINE,Others,Lymphoma,NA,ENTO00430,Homo sapiens,NA,CHEMBL3308617,NA,NA,NA,NA
ENTC00270,THP-1,CELL LINE,Cancer cell line,Leukemia,THP1; THP 1; THPI; THP-1(ATCC); THP-1-O; O-THP-1; Tohoku Hospital Pediatrics-1,ENTO00430,Homo sapiens,CVCL_0006,CHEMBL3307574,CHEMBL614245,CLO_0050999,EFO_0001253,LCL-1072
ENTC00271,TK-10,CELL LINE,Cancer cell line,Renal Cancer,TK.10; TK 10; TK10,ENTO00430,Homo sapiens,CVCL_1773,CHEMBL3308453,CHEMBL614056,NA,EFO_0006765,LCL-1771
ENTC00272,Tu 212,CELL LINE,Cancer cell line,Head And Neck Cancer,Tu-212; Tu212; TU212,ENTO00430,Homo sapiens,CVCL_4915,NA,NA,NA,NA,NA
ENTC00273,U-251MG,CELL LINE,Cancer cell line,Brain Cancer,U-251 MG; U-251-MG; U-251_MG; U251-MG; U251MG; U-251; U251; U251n; U251N; 251 MG; 251MG; 251 MG(6),ENTO00430,Homo sapiens,CVCL_0021,CHEMBL3307756,CHEMBL615022,CLO_0009456,EFO_0006498,LCL-1400
ENTC00274,U266B1,CELL LINE,Cancer cell line,Melanoma,U266-B1; U266 B1; U-266; U 266; U266; U266S; U266BL; U266 Bl; 266 Bl,ENTO00430,Homo sapiens,CVCL_0566,CHEMBL3308535,CHEMBL2366315,CLO_0009458,EFO_0001254,LCL-2050
ENTC00275,U2OS,CELL LINE,Cancer cell line,Bone Cancer,U-2 OS; U-2OS; U-2-OS; U2-OS; U20-S; U20S; 2T,ENTO00430,Homo sapiens,CVCL_0042,CHEMBL3307757,CHEMBL615023,CLO_0009454,EFO_0002869,LCL-1431
ENTC00276,U-87MG ATCC,CELL LINE,Cancer cell line,Brain Cancer,U-87MG; U-87 MG; U87 MG; U-87-MG; U87-MG; U87MG; U-87; U87; 87 MG; 87MG,ENTO00430,Homo sapiens,CVCL_0022,CHEMBL3989361,CHEMBL614247,CLO_0009464,EFO_0005237,LCL-1364
ENTC00277,U-937,CELL LINE,Cancer cell line,Leukemia,U937; U 937,ENTO00430,Homo sapiens,CVCL_0007,CHEMBL3308006,CHEMBL612794,CLO_0009465,EFO_0001257,LCL-1125
ENTC00278,UXF 1138L,CELL LINE,Cancer cell line,Uterus Cancer,NA,ENTO00430,Homo sapiens,NA,NA,NA,NA,NA,NA
ENTC00279,VCaP,CELL LINE,Cancer cell line,Prostate Cancer,VCAP; Vcap; Vertebral Cancer of the Prostate,ENTO00430,Homo sapiens,CVCL_2235,CHEMBL4295435,CHEMBL4296508,NA,EFO_0007752,LCL-1147
ENTC00280,Vero,CELL LINE,Spontaneously immortalized cell line,Kidney,VERO; VeroCCL81; Vero 81; Vero-81; Verda reno,ENTO00196,Chlorocebus sabaeus,CVCL_0059,CHEMBL3307520,CHEMBL391,CLO_0050515,NA,NA
ENTC00281,WI-38,CELL LINE,Finite cell line,Lung,Wi-38; WI 38; WI38; Wistar Institute-38; AG06814E; AG06814G; AG06814H; AG06814-J; AG06814J; AG06814-M; AG06814-N,ENTO00430,Homo sapiens,CVCL_0579,CHEMBL3307476,CHEMBL612806,CLO_0035534,EFO_0001260,NA
ENTC00282,Y-79,CELL LINE,Cancer cell line,Others,Y79; GM01232; GM01232E,ENTO00430,Homo sapiens,CVCL_1893,CHEMBL3308054,CHEMBL613820,CLO_0051564,EFO_0002392,NA
